 sid  | stid |      name       | ord | opt 
------+------+-----------------+-----+-----
 6889 |   23 | donation-aim-pl |   0 |   1
 6889 |   23 | donation-aim-pl |   1 |   1
 6893 |   23 | donation-aim-pl |   0 |   1
 6893 |   23 | donation-aim-pl |   1 |   2
 6895 |   23 | donation-aim-pl |   0 |   1
 6895 |   23 | donation-aim-pl |   1 |   3
 6896 |   23 | donation-aim-pl |   0 |   2
 6896 |   23 | donation-aim-pl |   1 |   1
 6897 |   23 | donation-aim-pl |   0 |   1
 6897 |   23 | donation-aim-pl |   1 |   2
 6898 |   23 | donation-aim-pl |   0 |   1
 6898 |   23 | donation-aim-pl |   1 |   0
 6899 |   23 | donation-aim-pl |   0 |   1
 6899 |   23 | donation-aim-pl |   1 |   2
 6900 |   23 | donation-aim-pl |   0 |   1
 6900 |   23 | donation-aim-pl |   1 |   1
 6902 |   23 | donation-aim-pl |   0 |   1
 6902 |   23 | donation-aim-pl |   1 |   2
 6903 |   23 | donation-aim-pl |   0 |   2
 6903 |   23 | donation-aim-pl |   1 |   2
 6904 |   23 | donation-aim-pl |   0 |   1
 6904 |   23 | donation-aim-pl |   1 |   1
 6905 |   23 | donation-aim-pl |   0 |   2
 6905 |   23 | donation-aim-pl |   1 |   2
 6906 |   23 | donation-aim-pl |   0 |   3
 6907 |   23 | donation-aim-pl |   0 |   2
 6907 |   23 | donation-aim-pl |   1 |   1
 6908 |   23 | donation-aim-pl |   0 |   2
 6908 |   23 | donation-aim-pl |   1 |   1
 6910 |   23 | donation-aim-pl |   0 |   1
 6910 |   23 | donation-aim-pl |   1 |   2
 6911 |   23 | donation-aim-pl |   0 |   1
 6911 |   23 | donation-aim-pl |   1 |   2
 6912 |   23 | donation-aim-pl |   0 |   1
 6912 |   23 | donation-aim-pl |   1 |   2
 6913 |   23 | donation-aim-pl |   0 |   1
 6913 |   23 | donation-aim-pl |   1 |   1
 6914 |   23 | donation-aim-pl |   0 |   1
 6914 |   23 | donation-aim-pl |   1 |   1
 6915 |   23 | donation-aim-pl |   0 |   1
 6915 |   23 | donation-aim-pl |   1 |   2
 6916 |   23 | donation-aim-pl |   0 |   3
 6918 |   23 | donation-aim-pl |   0 |   0
 6918 |   23 | donation-aim-pl |   1 |   2
 6919 |   23 | donation-aim-pl |   0 |   0
 6919 |   23 | donation-aim-pl |   1 |   2
 6922 |   23 | donation-aim-pl |   0 |   1
 6922 |   23 | donation-aim-pl |   1 |   1
 6924 |   23 | donation-aim-pl |   0 |   2
 6924 |   23 | donation-aim-pl |   1 |   2
 6925 |   23 | donation-aim-pl |   0 |   1
 6925 |   23 | donation-aim-pl |   1 |   1
 6927 |   23 | donation-aim-pl |   0 |   1
 6927 |   23 | donation-aim-pl |   1 |   1
 6928 |   23 | donation-aim-pl |   0 |   1
 6928 |   23 | donation-aim-pl |   1 |   2
 6929 |   23 | donation-aim-pl |   0 |   2
 6929 |   23 | donation-aim-pl |   1 |   0
 6930 |   23 | donation-aim-pl |   0 |   2
 6930 |   23 | donation-aim-pl |   1 |   1
 6931 |   23 | donation-aim-pl |   0 |   1
 6931 |   23 | donation-aim-pl |   1 |   2
 6932 |   23 | donation-aim-pl |   0 |   1
 6932 |   23 | donation-aim-pl |   1 |   1
 6933 |   23 | donation-aim-pl |   0 |   1
 6933 |   23 | donation-aim-pl |   1 |   0
 6934 |   23 | donation-aim-pl |   0 |   3
 6935 |   23 | donation-aim-pl |   0 |   1
 6935 |   23 | donation-aim-pl |   1 |   2
 6937 |   23 | donation-aim-pl |   0 |   0
 6937 |   23 | donation-aim-pl |   1 |   2
 6938 |   23 | donation-aim-pl |   0 |   1
 6938 |   23 | donation-aim-pl |   1 |   0
 6939 |   23 | donation-aim-pl |   0 |   2
 6939 |   23 | donation-aim-pl |   1 |   0
 6940 |   23 | donation-aim-pl |   0 |   2
 6940 |   23 | donation-aim-pl |   1 |   3
 6950 |   23 | donation-aim-pl |   0 |   1
 6950 |   23 | donation-aim-pl |   1 |   2
 6951 |   23 | donation-aim-pl |   0 |   2
 6951 |   23 | donation-aim-pl |   1 |   1
 6953 |   23 | donation-aim-pl |   0 |   3
 6954 |   23 | donation-aim-pl |   0 |   1
 6954 |   23 | donation-aim-pl |   1 |   1
 6955 |   23 | donation-aim-pl |   0 |   0
 6955 |   23 | donation-aim-pl |   1 |   2
 6956 |   23 | donation-aim-pl |   0 |   3
 6957 |   23 | donation-aim-pl |   0 |   0
 6957 |   23 | donation-aim-pl |   1 |   2
 6958 |   23 | donation-aim-pl |   0 |   0
 6958 |   23 | donation-aim-pl |   1 |   0
 6959 |   23 | donation-aim-pl |   0 |   1
 6959 |   23 | donation-aim-pl |   1 |   1
 6960 |   23 | donation-aim-pl |   0 |   3
 6961 |   23 | donation-aim-pl |   0 |   0
 6961 |   23 | donation-aim-pl |   1 |   2
 6963 |   23 | donation-aim-pl |   0 |   0
 6963 |   23 | donation-aim-pl |   1 |   2
 6964 |   23 | donation-aim-pl |   0 |   1
 6964 |   23 | donation-aim-pl |   1 |   2
 6965 |   23 | donation-aim-pl |   0 |   1
 6965 |   23 | donation-aim-pl |   1 |   0
 6966 |   23 | donation-aim-pl |   0 |   1
 6966 |   23 | donation-aim-pl |   1 |   1
 6967 |   23 | donation-aim-pl |   0 |   1
 6967 |   23 | donation-aim-pl |   1 |   2
 6968 |   23 | donation-aim-pl |   0 |   2
 6968 |   23 | donation-aim-pl |   1 |   1
 6969 |   23 | donation-aim-pl |   0 |   1
 6969 |   23 | donation-aim-pl |   1 |   1
 6970 |   23 | donation-aim-pl |   0 |   2
 6970 |   23 | donation-aim-pl |   1 |   1
 6972 |   23 | donation-aim-pl |   0 |   1
 6972 |   23 | donation-aim-pl |   1 |   0
 6973 |   23 | donation-aim-pl |   0 |   2
 6973 |   23 | donation-aim-pl |   1 |   2
 6974 |   23 | donation-aim-pl |   0 |   0
 6974 |   23 | donation-aim-pl |   1 |   1
 6975 |   23 | donation-aim-pl |   0 |   2
 6975 |   23 | donation-aim-pl |   1 |   2
 6977 |   23 | donation-aim-pl |   0 |   1
 6977 |   23 | donation-aim-pl |   1 |   2
 6978 |   23 | donation-aim-pl |   0 |   0
 6978 |   23 | donation-aim-pl |   1 |   2
 6979 |   23 | donation-aim-pl |   0 |   3
 6980 |   23 | donation-aim-pl |   0 |   0
 6980 |   23 | donation-aim-pl |   1 |   2
 6981 |   23 | donation-aim-pl |   0 |   1
 6981 |   23 | donation-aim-pl |   1 |   2
 6982 |   23 | donation-aim-pl |   0 |   1
 6982 |   23 | donation-aim-pl |   1 |   1
 6983 |   23 | donation-aim-pl |   0 |   1
 6983 |   23 | donation-aim-pl |   1 |   1
 6984 |   23 | donation-aim-pl |   0 |   0
 6984 |   23 | donation-aim-pl |   1 |   1
 6985 |   23 | donation-aim-pl |   0 |   1
 6985 |   23 | donation-aim-pl |   1 |   2
 6986 |   23 | donation-aim-pl |   0 |   2
 6986 |   23 | donation-aim-pl |   1 |   3
 6987 |   23 | donation-aim-pl |   0 |   3
 6988 |   23 | donation-aim-pl |   0 |   1
 6988 |   23 | donation-aim-pl |   1 |   2
 6989 |   23 | donation-aim-pl |   0 |   1
 6989 |   23 | donation-aim-pl |   1 |   2
 6990 |   23 | donation-aim-pl |   0 |   1
 6990 |   23 | donation-aim-pl |   1 |   2
 6991 |   23 | donation-aim-pl |   0 |   1
 6991 |   23 | donation-aim-pl |   1 |   1
 6992 |   23 | donation-aim-pl |   0 |   1
 6992 |   23 | donation-aim-pl |   1 |   0
 6993 |   23 | donation-aim-pl |   0 |   2
 6993 |   23 | donation-aim-pl |   1 |   2
 6994 |   23 | donation-aim-pl |   0 |   1
 6994 |   23 | donation-aim-pl |   1 |   3
 6995 |   23 | donation-aim-pl |   0 |   3
 6996 |   23 | donation-aim-pl |   0 |   2
 6996 |   23 | donation-aim-pl |   1 |   2
 6998 |   23 | donation-aim-pl |   0 |   1
 6998 |   23 | donation-aim-pl |   1 |   0
 6999 |   23 | donation-aim-pl |   0 |   1
 6999 |   23 | donation-aim-pl |   1 |   0
 7000 |   23 | donation-aim-pl |   0 |   1
 7000 |   23 | donation-aim-pl |   1 |   0
 7001 |   23 | donation-aim-pl |   0 |   1
 7001 |   23 | donation-aim-pl |   1 |   2
 7002 |   23 | donation-aim-pl |   0 |   0
 7002 |   23 | donation-aim-pl |   1 |   1
 7003 |   23 | donation-aim-pl |   0 |   1
 7003 |   23 | donation-aim-pl |   1 |   2
 7004 |   23 | donation-aim-pl |   0 |   1
 7004 |   23 | donation-aim-pl |   1 |   1
 7005 |   23 | donation-aim-pl |   0 |   1
 7005 |   23 | donation-aim-pl |   1 |   0
 7006 |   23 | donation-aim-pl |   0 |   2
 7006 |   23 | donation-aim-pl |   1 |   2
 7007 |   23 | donation-aim-pl |   0 |   0
 7007 |   23 | donation-aim-pl |   1 |   2
 7008 |   23 | donation-aim-pl |   0 |   2
 7008 |   23 | donation-aim-pl |   1 |   1
 7009 |   23 | donation-aim-pl |   0 |   0
 7009 |   23 | donation-aim-pl |   1 |   1
 7010 |   23 | donation-aim-pl |   0 |   1
 7010 |   23 | donation-aim-pl |   1 |   1
 7011 |   23 | donation-aim-pl |   0 |   1
 7011 |   23 | donation-aim-pl |   1 |   2
 7012 |   23 | donation-aim-pl |   0 |   0
 7012 |   23 | donation-aim-pl |   1 |   1
 7015 |   23 | donation-aim-pl |   0 |   1
 7015 |   23 | donation-aim-pl |   1 |   2
 7016 |   23 | donation-aim-pl |   0 |   1
 7016 |   23 | donation-aim-pl |   1 |   3
 7017 |   23 | donation-aim-pl |   0 |   1
 7017 |   23 | donation-aim-pl |   1 |   1
 7018 |   23 | donation-aim-pl |   0 |   1
 7018 |   23 | donation-aim-pl |   1 |   2
 7019 |   23 | donation-aim-pl |   0 |   0
 7019 |   23 | donation-aim-pl |   1 |   0
 7020 |   23 | donation-aim-pl |   0 |   1
 7020 |   23 | donation-aim-pl |   1 |   2
 7021 |   23 | donation-aim-pl |   0 |   2
 7021 |   23 | donation-aim-pl |   1 |   0
 7022 |   23 | donation-aim-pl |   0 |   2
 7022 |   23 | donation-aim-pl |   1 |   2
 7023 |   23 | donation-aim-pl |   0 |   0
 7023 |   23 | donation-aim-pl |   1 |   1
 7024 |   23 | donation-aim-pl |   0 |   1
 7024 |   23 | donation-aim-pl |   1 |   2
 7025 |   23 | donation-aim-pl |   0 |   2
 7025 |   23 | donation-aim-pl |   1 |   3
 7026 |   23 | donation-aim-pl |   0 |   0
 7026 |   23 | donation-aim-pl |   1 |   1
 7027 |   23 | donation-aim-pl |   0 |   1
 7027 |   23 | donation-aim-pl |   1 |   1
 7028 |   23 | donation-aim-pl |   0 |   0
 7028 |   23 | donation-aim-pl |   1 |   1
 7029 |   23 | donation-aim-pl |   0 |   0
 7029 |   23 | donation-aim-pl |   1 |   0
 7030 |   23 | donation-aim-pl |   0 |   1
 7030 |   23 | donation-aim-pl |   1 |   0
 7031 |   23 | donation-aim-pl |   0 |   1
 7031 |   23 | donation-aim-pl |   1 |   0
 7034 |   23 | donation-aim-pl |   0 |   2
 7034 |   23 | donation-aim-pl |   1 |   3
 7035 |   23 | donation-aim-pl |   0 |   1
 7035 |   23 | donation-aim-pl |   1 |   0
 7036 |   23 | donation-aim-pl |   0 |   1
 7036 |   23 | donation-aim-pl |   1 |   2
 7039 |   23 | donation-aim-pl |   0 |   1
 7039 |   23 | donation-aim-pl |   1 |   1
 7040 |   23 | donation-aim-pl |   0 |   2
 7040 |   23 | donation-aim-pl |   1 |   2
 7041 |   23 | donation-aim-pl |   0 |   1
 7041 |   23 | donation-aim-pl |   1 |   2
 7042 |   23 | donation-aim-pl |   0 |   0
 7042 |   23 | donation-aim-pl |   1 |   2
 7043 |   23 | donation-aim-pl |   0 |   0
 7043 |   23 | donation-aim-pl |   1 |   1
 7044 |   23 | donation-aim-pl |   0 |   1
 7044 |   23 | donation-aim-pl |   1 |   2
 7045 |   23 | donation-aim-pl |   0 |   1
 7045 |   23 | donation-aim-pl |   1 |   1
 7046 |   23 | donation-aim-pl |   0 |   0
 7046 |   23 | donation-aim-pl |   1 |   2
 7047 |   23 | donation-aim-pl |   0 |   3
 7048 |   23 | donation-aim-pl |   0 |   1
 7048 |   23 | donation-aim-pl |   1 |   2
 7050 |   23 | donation-aim-pl |   0 |   1
 7050 |   23 | donation-aim-pl |   1 |   2
 7051 |   23 | donation-aim-pl |   0 |   1
 7051 |   23 | donation-aim-pl |   1 |   2
 7052 |   23 | donation-aim-pl |   0 |   0
 7052 |   23 | donation-aim-pl |   1 |   2
 7053 |   23 | donation-aim-pl |   0 |   0
 7053 |   23 | donation-aim-pl |   1 |   2
 7054 |   23 | donation-aim-pl |   0 |   0
 7054 |   23 | donation-aim-pl |   1 |   1
 7055 |   23 | donation-aim-pl |   0 |   3
 7056 |   23 | donation-aim-pl |   0 |   2
 7056 |   23 | donation-aim-pl |   1 |   0
 7057 |   23 | donation-aim-pl |   0 |   1
 7057 |   23 | donation-aim-pl |   1 |   2
 7058 |   23 | donation-aim-pl |   0 |   0
 7058 |   23 | donation-aim-pl |   1 |   2
 7059 |   23 | donation-aim-pl |   0 |   1
 7059 |   23 | donation-aim-pl |   1 |   1
 7060 |   23 | donation-aim-pl |   0 |   1
 7060 |   23 | donation-aim-pl |   1 |   2
 7062 |   23 | donation-aim-pl |   0 |   0
 7062 |   23 | donation-aim-pl |   1 |   2
 7063 |   23 | donation-aim-pl |   0 |   1
 7063 |   23 | donation-aim-pl |   1 |   2
 7064 |   23 | donation-aim-pl |   0 |   1
 7064 |   23 | donation-aim-pl |   1 |   2
 7065 |   23 | donation-aim-pl |   0 |   1
 7065 |   23 | donation-aim-pl |   1 |   2
 7066 |   23 | donation-aim-pl |   0 |   1
 7066 |   23 | donation-aim-pl |   1 |   0
 7067 |   23 | donation-aim-pl |   0 |   0
 7067 |   23 | donation-aim-pl |   1 |   2
 7068 |   23 | donation-aim-pl |   0 |   2
 7068 |   23 | donation-aim-pl |   1 |   2
 7069 |   23 | donation-aim-pl |   0 |   0
 7069 |   23 | donation-aim-pl |   1 |   2
 7070 |   23 | donation-aim-pl |   0 |   0
 7070 |   23 | donation-aim-pl |   1 |   0
 7072 |   23 | donation-aim-pl |   0 |   2
 7072 |   23 | donation-aim-pl |   1 |   1
 7073 |   23 | donation-aim-pl |   0 |   0
 7073 |   23 | donation-aim-pl |   1 |   1
 7074 |   23 | donation-aim-pl |   0 |   1
 7074 |   23 | donation-aim-pl |   1 |   1
 7075 |   23 | donation-aim-pl |   0 |   1
 7075 |   23 | donation-aim-pl |   1 |   2
 7076 |   23 | donation-aim-pl |   0 |   1
 7076 |   23 | donation-aim-pl |   1 |   1
 7077 |   23 | donation-aim-pl |   0 |   1
 7077 |   23 | donation-aim-pl |   1 |   0
 7078 |   23 | donation-aim-pl |   0 |   1
 7078 |   23 | donation-aim-pl |   1 |   1
 7079 |   23 | donation-aim-pl |   0 |   2
 7079 |   23 | donation-aim-pl |   1 |   2
 7081 |   23 | donation-aim-pl |   0 |   1
 7081 |   23 | donation-aim-pl |   1 |   0
 7082 |   23 | donation-aim-pl |   0 |   2
 7082 |   23 | donation-aim-pl |   1 |   2
 7083 |   23 | donation-aim-pl |   0 |   1
 7083 |   23 | donation-aim-pl |   1 |   0
 7084 |   23 | donation-aim-pl |   0 |   0
 7084 |   23 | donation-aim-pl |   1 |   1
 7085 |   23 | donation-aim-pl |   0 |   1
 7085 |   23 | donation-aim-pl |   1 |   1
 7087 |   23 | donation-aim-pl |   0 |   1
 7087 |   23 | donation-aim-pl |   1 |   1
 7088 |   23 | donation-aim-pl |   0 |   0
 7088 |   23 | donation-aim-pl |   1 |   0
 7089 |   23 | donation-aim-pl |   0 |   2
 7089 |   23 | donation-aim-pl |   1 |   1
 7090 |   23 | donation-aim-pl |   0 |   0
 7090 |   23 | donation-aim-pl |   1 |   1
 7091 |   23 | donation-aim-pl |   0 |   1
 7091 |   23 | donation-aim-pl |   1 |   1
 7093 |   23 | donation-aim-pl |   0 |   0
 7093 |   23 | donation-aim-pl |   1 |   2
 7094 |   23 | donation-aim-pl |   0 |   1
 7094 |   23 | donation-aim-pl |   1 |   1
 7095 |   23 | donation-aim-pl |   0 |   0
 7095 |   23 | donation-aim-pl |   1 |   1
 7096 |   23 | donation-aim-pl |   0 |   2
 7096 |   23 | donation-aim-pl |   1 |   0
 7097 |   23 | donation-aim-pl |   0 |   1
 7097 |   23 | donation-aim-pl |   1 |   2
 7098 |   23 | donation-aim-pl |   0 |   1
 7098 |   23 | donation-aim-pl |   1 |   1
 7100 |   23 | donation-aim-pl |   0 |   1
 7100 |   23 | donation-aim-pl |   1 |   2
 7101 |   23 | donation-aim-pl |   0 |   3
 7102 |   23 | donation-aim-pl |   0 |   0
 7102 |   23 | donation-aim-pl |   1 |   2
 7103 |   23 | donation-aim-pl |   0 |   1
 7103 |   23 | donation-aim-pl |   1 |   2
 7105 |   23 | donation-aim-pl |   0 |   1
 7105 |   23 | donation-aim-pl |   1 |   2
 7106 |   23 | donation-aim-pl |   0 |   1
 7106 |   23 | donation-aim-pl |   1 |   1
 7107 |   23 | donation-aim-pl |   0 |   1
 7107 |   23 | donation-aim-pl |   1 |   1
 7108 |   23 | donation-aim-pl |   0 |   1
 7108 |   23 | donation-aim-pl |   1 |   1
 7109 |   23 | donation-aim-pl |   0 |   3
 7110 |   23 | donation-aim-pl |   0 |   1
 7110 |   23 | donation-aim-pl |   1 |   0
 7111 |   23 | donation-aim-pl |   0 |   2
 7111 |   23 | donation-aim-pl |   1 |   1
 7112 |   23 | donation-aim-pl |   0 |   0
 7112 |   23 | donation-aim-pl |   1 |   2
 7113 |   23 | donation-aim-pl |   0 |   1
 7113 |   23 | donation-aim-pl |   1 |   1
 7115 |   23 | donation-aim-pl |   0 |   1
 7115 |   23 | donation-aim-pl |   1 |   1
 7116 |   23 | donation-aim-pl |   0 |   2
 7116 |   23 | donation-aim-pl |   1 |   0
 7117 |   23 | donation-aim-pl |   0 |   2
 7117 |   23 | donation-aim-pl |   1 |   3
 7118 |   23 | donation-aim-pl |   0 |   1
 7118 |   23 | donation-aim-pl |   1 |   2
 7119 |   23 | donation-aim-pl |   0 |   1
 7119 |   23 | donation-aim-pl |   1 |   1
 7120 |   23 | donation-aim-pl |   0 |   1
 7120 |   23 | donation-aim-pl |   1 |   0
 7121 |   23 | donation-aim-pl |   0 |   0
 7121 |   23 | donation-aim-pl |   1 |   2
 7122 |   23 | donation-aim-pl |   0 |   0
 7122 |   23 | donation-aim-pl |   1 |   2
 7123 |   23 | donation-aim-pl |   0 |   1
 7123 |   23 | donation-aim-pl |   1 |   2
 7124 |   23 | donation-aim-pl |   0 |   0
 7124 |   23 | donation-aim-pl |   1 |   1
 7125 |   23 | donation-aim-pl |   0 |   1
 7125 |   23 | donation-aim-pl |   1 |   2
 7126 |   23 | donation-aim-pl |   0 |   1
 7126 |   23 | donation-aim-pl |   1 |   0
 7128 |   23 | donation-aim-pl |   0 |   1
 7128 |   23 | donation-aim-pl |   1 |   1
 7129 |   23 | donation-aim-pl |   0 |   0
 7129 |   23 | donation-aim-pl |   1 |   0
 7130 |   23 | donation-aim-pl |   0 |   2
 7130 |   23 | donation-aim-pl |   1 |   3
 7131 |   23 | donation-aim-pl |   0 |   2
 7131 |   23 | donation-aim-pl |   1 |   2
 7132 |   23 | donation-aim-pl |   0 |   2
 7132 |   23 | donation-aim-pl |   1 |   3
 7133 |   23 | donation-aim-pl |   0 |   1
 7133 |   23 | donation-aim-pl |   1 |   2
 7134 |   23 | donation-aim-pl |   0 |   0
 7134 |   23 | donation-aim-pl |   1 |   1
 7135 |   23 | donation-aim-pl |   0 |   1
 7135 |   23 | donation-aim-pl |   1 |   0
 7136 |   23 | donation-aim-pl |   0 |   2
 7136 |   23 | donation-aim-pl |   1 |   2
 7138 |   23 | donation-aim-pl |   0 |   0
 7138 |   23 | donation-aim-pl |   1 |   2
 7139 |   23 | donation-aim-pl |   0 |   3
 7141 |   23 | donation-aim-pl |   0 |   1
 7141 |   23 | donation-aim-pl |   1 |   2
 7142 |   23 | donation-aim-pl |   0 |   3
 7143 |   23 | donation-aim-pl |   0 |   3
 7144 |   23 | donation-aim-pl |   0 |   2
 7144 |   23 | donation-aim-pl |   1 |   0
 7145 |   23 | donation-aim-pl |   0 |   1
 7145 |   23 | donation-aim-pl |   1 |   1
 7146 |   23 | donation-aim-pl |   0 |   1
 7146 |   23 | donation-aim-pl |   1 |   1
 7147 |   23 | donation-aim-pl |   0 |   1
 7147 |   23 | donation-aim-pl |   1 |   0
 7148 |   23 | donation-aim-pl |   0 |   0
 7148 |   23 | donation-aim-pl |   1 |   1
 7149 |   23 | donation-aim-pl |   0 |   1
 7149 |   23 | donation-aim-pl |   1 |   2
 7151 |   23 | donation-aim-pl |   0 |   3
 7152 |   23 | donation-aim-pl |   0 |   2
 7152 |   23 | donation-aim-pl |   1 |   1
 7153 |   23 | donation-aim-pl |   0 |   1
 7153 |   23 | donation-aim-pl |   1 |   2
 7154 |   23 | donation-aim-pl |   0 |   1
 7154 |   23 | donation-aim-pl |   1 |   2
 7155 |   23 | donation-aim-pl |   0 |   1
 7155 |   23 | donation-aim-pl |   1 |   0
 7156 |   23 | donation-aim-pl |   0 |   1
 7156 |   23 | donation-aim-pl |   1 |   1
 7158 |   23 | donation-aim-pl |   0 |   0
 7158 |   23 | donation-aim-pl |   1 |   2
 7159 |   23 | donation-aim-pl |   0 |   0
 7159 |   23 | donation-aim-pl |   1 |   1
 7165 |   23 | donation-aim-pl |   0 |   0
 7165 |   23 | donation-aim-pl |   1 |   1
 7166 |   23 | donation-aim-pl |   0 |   1
 7166 |   23 | donation-aim-pl |   1 |   1
 7168 |   23 | donation-aim-pl |   0 |   0
 7168 |   23 | donation-aim-pl |   1 |   0
 7169 |   23 | donation-aim-pl |   0 |   1
 7169 |   23 | donation-aim-pl |   1 |   2
 7170 |   23 | donation-aim-pl |   0 |   2
 7170 |   23 | donation-aim-pl |   1 |   1
 7172 |   23 | donation-aim-pl |   0 |   1
 7172 |   23 | donation-aim-pl |   1 |   2
 7173 |   23 | donation-aim-pl |   0 |   0
 7173 |   23 | donation-aim-pl |   1 |   1
 7174 |   23 | donation-aim-pl |   0 |   1
 7174 |   23 | donation-aim-pl |   1 |   1
 7176 |   23 | donation-aim-pl |   0 |   1
 7176 |   23 | donation-aim-pl |   1 |   0
 7177 |   23 | donation-aim-pl |   0 |   0
 7177 |   23 | donation-aim-pl |   1 |   1
 7178 |   23 | donation-aim-pl |   0 |   1
 7178 |   23 | donation-aim-pl |   1 |   2
 7179 |   23 | donation-aim-pl |   0 |   1
 7179 |   23 | donation-aim-pl |   1 |   1
 7181 |   23 | donation-aim-pl |   0 |   2
 7181 |   23 | donation-aim-pl |   1 |   3
 7183 |   23 | donation-aim-pl |   0 |   1
 7183 |   23 | donation-aim-pl |   1 |   0
 7185 |   23 | donation-aim-pl |   0 |   1
 7185 |   23 | donation-aim-pl |   1 |   0
 7186 |   23 | donation-aim-pl |   0 |   2
 7186 |   23 | donation-aim-pl |   1 |   3
 7187 |   23 | donation-aim-pl |   0 |   2
 7187 |   23 | donation-aim-pl |   1 |   1
 7189 |   23 | donation-aim-pl |   0 |   2
 7189 |   23 | donation-aim-pl |   1 |   0
 7190 |   23 | donation-aim-pl |   0 |   1
 7190 |   23 | donation-aim-pl |   1 |   1
 7192 |   23 | donation-aim-pl |   0 |   1
 7192 |   23 | donation-aim-pl |   1 |   1
 7195 |   23 | donation-aim-pl |   0 |   1
 7195 |   23 | donation-aim-pl |   1 |   2
 7197 |   23 | donation-aim-pl |   0 |   1
 7197 |   23 | donation-aim-pl |   1 |   2
 7198 |   23 | donation-aim-pl |   0 |   1
 7198 |   23 | donation-aim-pl |   1 |   2
 7200 |   23 | donation-aim-pl |   0 |   2
 7200 |   23 | donation-aim-pl |   1 |   0
 7201 |   23 | donation-aim-pl |   0 |   1
 7201 |   23 | donation-aim-pl |   1 |   1
 7203 |   23 | donation-aim-pl |   0 |   2
 7203 |   23 | donation-aim-pl |   1 |   1
 7204 |   23 | donation-aim-pl |   0 |   1
 7204 |   23 | donation-aim-pl |   1 |   2
 7205 |   23 | donation-aim-pl |   0 |   1
 7205 |   23 | donation-aim-pl |   1 |   1
 7206 |   23 | donation-aim-pl |   0 |   1
 7206 |   23 | donation-aim-pl |   1 |   0
 7207 |   23 | donation-aim-pl |   0 |   1
 7207 |   23 | donation-aim-pl |   1 |   0
 7209 |   23 | donation-aim-pl |   0 |   1
 7209 |   23 | donation-aim-pl |   1 |   0
 7212 |   23 | donation-aim-pl |   0 |   1
 7212 |   23 | donation-aim-pl |   1 |   0
 7213 |   23 | donation-aim-pl |   0 |   1
 7213 |   23 | donation-aim-pl |   1 |   0
 7214 |   23 | donation-aim-pl |   0 |   1
 7214 |   23 | donation-aim-pl |   1 |   2
 7217 |   23 | donation-aim-pl |   0 |   0
 7217 |   23 | donation-aim-pl |   1 |   0
 7218 |   23 | donation-aim-pl |   0 |   1
 7218 |   23 | donation-aim-pl |   1 |   1
 7219 |   23 | donation-aim-pl |   0 |   1
 7219 |   23 | donation-aim-pl |   1 |   3
 7220 |   23 | donation-aim-pl |   0 |   1
 7220 |   23 | donation-aim-pl |   1 |   0
 7221 |   23 | donation-aim-pl |   0 |   3
 7224 |   23 | donation-aim-pl |   0 |   1
 7224 |   23 | donation-aim-pl |   1 |   1
 7225 |   23 | donation-aim-pl |   0 |   1
 7225 |   23 | donation-aim-pl |   1 |   1
 7228 |   23 | donation-aim-pl |   0 |   1
 7228 |   23 | donation-aim-pl |   1 |   2
 7229 |   23 | donation-aim-pl |   0 |   1
 7229 |   23 | donation-aim-pl |   1 |   2
 7231 |   23 | donation-aim-pl |   0 |   1
 7231 |   23 | donation-aim-pl |   1 |   2
 7233 |   23 | donation-aim-pl |   0 |   1
 7233 |   23 | donation-aim-pl |   1 |   1
 7234 |   23 | donation-aim-pl |   0 |   0
 7234 |   23 | donation-aim-pl |   1 |   1
 7236 |   23 | donation-aim-pl |   0 |   1
 7236 |   23 | donation-aim-pl |   1 |   1
 7238 |   23 | donation-aim-pl |   0 |   0
 7238 |   23 | donation-aim-pl |   1 |   2
 7239 |   23 | donation-aim-pl |   0 |   3
 7240 |   23 | donation-aim-pl |   0 |   0
 7240 |   23 | donation-aim-pl |   1 |   1
 7244 |   23 | donation-aim-pl |   0 |   1
 7244 |   23 | donation-aim-pl |   1 |   2
 7245 |   23 | donation-aim-pl |   0 |   2
 7245 |   23 | donation-aim-pl |   1 |   0
 7247 |   23 | donation-aim-pl |   0 |   2
 7247 |   23 | donation-aim-pl |   1 |   0
 7248 |   23 | donation-aim-pl |   0 |   1
 7248 |   23 | donation-aim-pl |   1 |   2
 7250 |   23 | donation-aim-pl |   0 |   2
 7250 |   23 | donation-aim-pl |   1 |   1
 7251 |   23 | donation-aim-pl |   0 |   1
 7251 |   23 | donation-aim-pl |   1 |   2
 7253 |   23 | donation-aim-pl |   0 |   1
 7253 |   23 | donation-aim-pl |   1 |   2
 7254 |   23 | donation-aim-pl |   0 |   1
 7254 |   23 | donation-aim-pl |   1 |   2
 7255 |   23 | donation-aim-pl |   0 |   0
 7255 |   23 | donation-aim-pl |   1 |   2
 7259 |   23 | donation-aim-pl |   0 |   1
 7259 |   23 | donation-aim-pl |   1 |   2
 7260 |   23 | donation-aim-pl |   0 |   2
 7260 |   23 | donation-aim-pl |   1 |   2
 7261 |   23 | donation-aim-pl |   0 |   2
 7261 |   23 | donation-aim-pl |   1 |   2
 7264 |   23 | donation-aim-pl |   0 |   1
 7264 |   23 | donation-aim-pl |   1 |   0
 7265 |   23 | donation-aim-pl |   0 |   0
 7265 |   23 | donation-aim-pl |   1 |   0
 7266 |   23 | donation-aim-pl |   0 |   0
 7266 |   23 | donation-aim-pl |   1 |   1
 7269 |   23 | donation-aim-pl |   0 |   1
 7269 |   23 | donation-aim-pl |   1 |   0
 7271 |   23 | donation-aim-pl |   0 |   1
 7271 |   23 | donation-aim-pl |   1 |   1
 7272 |   23 | donation-aim-pl |   0 |   1
 7272 |   23 | donation-aim-pl |   1 |   1
 7274 |   23 | donation-aim-pl |   0 |   1
 7274 |   23 | donation-aim-pl |   1 |   0
 7275 |   23 | donation-aim-pl |   0 |   1
 7275 |   23 | donation-aim-pl |   1 |   1
 7278 |   23 | donation-aim-pl |   0 |   2
 7278 |   23 | donation-aim-pl |   1 |   3
 7279 |   23 | donation-aim-pl |   0 |   1
 7279 |   23 | donation-aim-pl |   1 |   1
 7280 |   23 | donation-aim-pl |   0 |   1
 7280 |   23 | donation-aim-pl |   1 |   2
 7281 |   23 | donation-aim-pl |   0 |   3
 7282 |   23 | donation-aim-pl |   0 |   1
 7282 |   23 | donation-aim-pl |   1 |   1
 7283 |   23 | donation-aim-pl |   0 |   1
 7283 |   23 | donation-aim-pl |   1 |   1
 7285 |   23 | donation-aim-pl |   0 |   1
 7285 |   23 | donation-aim-pl |   1 |   0
 7286 |   23 | donation-aim-pl |   0 |   1
 7286 |   23 | donation-aim-pl |   1 |   1
 7287 |   23 | donation-aim-pl |   0 |   0
 7287 |   23 | donation-aim-pl |   1 |   0
 7288 |   23 | donation-aim-pl |   0 |   3
 7289 |   23 | donation-aim-pl |   0 |   1
 7289 |   23 | donation-aim-pl |   1 |   2
 7290 |   23 | donation-aim-pl |   0 |   2
 7290 |   23 | donation-aim-pl |   1 |   1
 7291 |   23 | donation-aim-pl |   0 |   1
 7291 |   23 | donation-aim-pl |   1 |   1
 7292 |   23 | donation-aim-pl |   0 |   1
 7292 |   23 | donation-aim-pl |   1 |   0
 7293 |   23 | donation-aim-pl |   0 |   2
 7293 |   23 | donation-aim-pl |   1 |   1
 7295 |   23 | donation-aim-pl |   0 |   1
 7295 |   23 | donation-aim-pl |   1 |   2
 7296 |   23 | donation-aim-pl |   0 |   1
 7296 |   23 | donation-aim-pl |   1 |   2
 7298 |   23 | donation-aim-pl |   0 |   1
 7298 |   23 | donation-aim-pl |   1 |   0
 7299 |   23 | donation-aim-pl |   0 |   1
 7299 |   23 | donation-aim-pl |   1 |   2
 7300 |   23 | donation-aim-pl |   0 |   2
 7300 |   23 | donation-aim-pl |   1 |   1
 7302 |   23 | donation-aim-pl |   0 |   1
 7302 |   23 | donation-aim-pl |   1 |   2
 7303 |   23 | donation-aim-pl |   0 |   0
 7303 |   23 | donation-aim-pl |   1 |   1
 7304 |   23 | donation-aim-pl |   0 |   1
 7304 |   23 | donation-aim-pl |   1 |   2
 7305 |   23 | donation-aim-pl |   0 |   0
 7305 |   23 | donation-aim-pl |   1 |   2
 7306 |   23 | donation-aim-pl |   0 |   0
 7306 |   23 | donation-aim-pl |   1 |   2
 7308 |   23 | donation-aim-pl |   0 |   1
 7308 |   23 | donation-aim-pl |   1 |   2
 7310 |   23 | donation-aim-pl |   0 |   2
 7310 |   23 | donation-aim-pl |   1 |   1
 7311 |   23 | donation-aim-pl |   0 |   2
 7311 |   23 | donation-aim-pl |   1 |   0
 7312 |   23 | donation-aim-pl |   0 |   1
 7312 |   23 | donation-aim-pl |   1 |   2
 7314 |   23 | donation-aim-pl |   0 |   1
 7314 |   23 | donation-aim-pl |   1 |   2
 7315 |   23 | donation-aim-pl |   0 |   1
 7315 |   23 | donation-aim-pl |   1 |   2
 7316 |   23 | donation-aim-pl |   0 |   2
 7316 |   23 | donation-aim-pl |   1 |   2
 7317 |   23 | donation-aim-pl |   0 |   1
 7317 |   23 | donation-aim-pl |   1 |   2
 7319 |   23 | donation-aim-pl |   0 |   2
 7319 |   23 | donation-aim-pl |   1 |   2
 7320 |   23 | donation-aim-pl |   0 |   1
 7320 |   23 | donation-aim-pl |   1 |   1
 7321 |   23 | donation-aim-pl |   0 |   1
 7321 |   23 | donation-aim-pl |   1 |   0
 7322 |   23 | donation-aim-pl |   0 |   1
 7322 |   23 | donation-aim-pl |   1 |   2
 7323 |   23 | donation-aim-pl |   0 |   1
 7323 |   23 | donation-aim-pl |   1 |   1
 7324 |   23 | donation-aim-pl |   0 |   1
 7324 |   23 | donation-aim-pl |   1 |   2
 7327 |   23 | donation-aim-pl |   0 |   3
 7328 |   23 | donation-aim-pl |   0 |   3
 7331 |   23 | donation-aim-pl |   0 |   2
 7331 |   23 | donation-aim-pl |   1 |   2
 7332 |   23 | donation-aim-pl |   0 |   1
 7332 |   23 | donation-aim-pl |   1 |   1
 7333 |   23 | donation-aim-pl |   0 |   2
 7333 |   23 | donation-aim-pl |   1 |   3
 7334 |   23 | donation-aim-pl |   0 |   0
 7334 |   23 | donation-aim-pl |   1 |   0
 7336 |   23 | donation-aim-pl |   0 |   0
 7336 |   23 | donation-aim-pl |   1 |   2
 7337 |   23 | donation-aim-pl |   0 |   1
 7337 |   23 | donation-aim-pl |   1 |   0
 7339 |   23 | donation-aim-pl |   0 |   1
 7339 |   23 | donation-aim-pl |   1 |   0
 7341 |   23 | donation-aim-pl |   0 |   1
 7341 |   23 | donation-aim-pl |   1 |   1
 7342 |   23 | donation-aim-pl |   0 |   0
 7342 |   23 | donation-aim-pl |   1 |   0
 7344 |   23 | donation-aim-pl |   0 |   2
 7344 |   23 | donation-aim-pl |   1 |   1
 7345 |   23 | donation-aim-pl |   0 |   1
 7345 |   23 | donation-aim-pl |   1 |   0
 7346 |   23 | donation-aim-pl |   0 |   2
 7346 |   23 | donation-aim-pl |   1 |   0
 7347 |   23 | donation-aim-pl |   0 |   1
 7347 |   23 | donation-aim-pl |   1 |   2
 7348 |   23 | donation-aim-pl |   0 |   1
 7348 |   23 | donation-aim-pl |   1 |   1
 7349 |   23 | donation-aim-pl |   0 |   1
 7349 |   23 | donation-aim-pl |   1 |   2
 7350 |   23 | donation-aim-pl |   0 |   0
 7350 |   23 | donation-aim-pl |   1 |   2
 7351 |   23 | donation-aim-pl |   0 |   1
 7351 |   23 | donation-aim-pl |   1 |   2
 7352 |   23 | donation-aim-pl |   0 |   1
 7352 |   23 | donation-aim-pl |   1 |   2
 7354 |   23 | donation-aim-pl |   0 |   1
 7354 |   23 | donation-aim-pl |   1 |   1
 7355 |   23 | donation-aim-pl |   0 |   1
 7355 |   23 | donation-aim-pl |   1 |   1
 7357 |   23 | donation-aim-pl |   0 |   1
 7357 |   23 | donation-aim-pl |   1 |   1
 7361 |   23 | donation-aim-pl |   0 |   1
 7361 |   23 | donation-aim-pl |   1 |   1
 7362 |   23 | donation-aim-pl |   0 |   1
 7362 |   23 | donation-aim-pl |   1 |   1
 7363 |   23 | donation-aim-pl |   0 |   1
 7363 |   23 | donation-aim-pl |   1 |   1
 7365 |   23 | donation-aim-pl |   0 |   2
 7365 |   23 | donation-aim-pl |   1 |   2
 7366 |   23 | donation-aim-pl |   0 |   1
 7366 |   23 | donation-aim-pl |   1 |   1
 7367 |   23 | donation-aim-pl |   0 |   1
 7367 |   23 | donation-aim-pl |   1 |   2
 7368 |   23 | donation-aim-pl |   0 |   0
 7368 |   23 | donation-aim-pl |   1 |   2
 7370 |   23 | donation-aim-pl |   0 |   0
 7370 |   23 | donation-aim-pl |   1 |   2
 7371 |   23 | donation-aim-pl |   0 |   1
 7371 |   23 | donation-aim-pl |   1 |   0
 7372 |   23 | donation-aim-pl |   0 |   2
 7372 |   23 | donation-aim-pl |   1 |   2
 7373 |   23 | donation-aim-pl |   0 |   3
 7374 |   23 | donation-aim-pl |   0 |   1
 7374 |   23 | donation-aim-pl |   1 |   1
 7375 |   23 | donation-aim-pl |   0 |   0
 7375 |   23 | donation-aim-pl |   1 |   0
 7376 |   23 | donation-aim-pl |   0 |   3
 7378 |   23 | donation-aim-pl |   0 |   1
 7378 |   23 | donation-aim-pl |   1 |   1
 7379 |   23 | donation-aim-pl |   0 |   2
 7379 |   23 | donation-aim-pl |   1 |   2
 7380 |   23 | donation-aim-pl |   0 |   0
 7380 |   23 | donation-aim-pl |   1 |   2
 7381 |   23 | donation-aim-pl |   0 |   2
 7381 |   23 | donation-aim-pl |   1 |   3
 7382 |   23 | donation-aim-pl |   0 |   2
 7382 |   23 | donation-aim-pl |   1 |   2
 7383 |   23 | donation-aim-pl |   0 |   2
 7383 |   23 | donation-aim-pl |   1 |   2
 7384 |   23 | donation-aim-pl |   0 |   0
 7384 |   23 | donation-aim-pl |   1 |   2
 7385 |   23 | donation-aim-pl |   0 |   1
 7385 |   23 | donation-aim-pl |   1 |   1
 7386 |   23 | donation-aim-pl |   0 |   1
 7386 |   23 | donation-aim-pl |   1 |   1
 7387 |   23 | donation-aim-pl |   0 |   3
 7388 |   23 | donation-aim-pl |   0 |   1
 7388 |   23 | donation-aim-pl |   1 |   1
 7390 |   23 | donation-aim-pl |   0 |   3
 7391 |   23 | donation-aim-pl |   0 |   1
 7391 |   23 | donation-aim-pl |   1 |   1
 7392 |   23 | donation-aim-pl |   0 |   0
 7392 |   23 | donation-aim-pl |   1 |   2
 7393 |   23 | donation-aim-pl |   0 |   2
 7393 |   23 | donation-aim-pl |   1 |   1
 7394 |   23 | donation-aim-pl |   0 |   1
 7394 |   23 | donation-aim-pl |   1 |   1
 7395 |   23 | donation-aim-pl |   0 |   1
 7395 |   23 | donation-aim-pl |   1 |   0
 7396 |   23 | donation-aim-pl |   0 |   0
 7396 |   23 | donation-aim-pl |   1 |   2
 7397 |   23 | donation-aim-pl |   0 |   2
 7397 |   23 | donation-aim-pl |   1 |   2
 7398 |   23 | donation-aim-pl |   0 |   2
 7398 |   23 | donation-aim-pl |   1 |   1
 7399 |   23 | donation-aim-pl |   0 |   0
 7399 |   23 | donation-aim-pl |   1 |   0
 7400 |   23 | donation-aim-pl |   0 |   3
 7401 |   23 | donation-aim-pl |   0 |   0
 7401 |   23 | donation-aim-pl |   1 |   3
 7402 |   23 | donation-aim-pl |   0 |   0
 7402 |   23 | donation-aim-pl |   1 |   1
 7403 |   23 | donation-aim-pl |   0 |   1
 7403 |   23 | donation-aim-pl |   1 |   2
 7404 |   23 | donation-aim-pl |   0 |   1
 7404 |   23 | donation-aim-pl |   1 |   1
 7405 |   23 | donation-aim-pl |   0 |   0
 7405 |   23 | donation-aim-pl |   1 |   2
 7406 |   23 | donation-aim-pl |   0 |   1
 7406 |   23 | donation-aim-pl |   1 |   2
 7407 |   23 | donation-aim-pl |   0 |   1
 7407 |   23 | donation-aim-pl |   1 |   2
 7409 |   23 | donation-aim-pl |   0 |   1
 7409 |   23 | donation-aim-pl |   1 |   0
 7410 |   23 | donation-aim-pl |   0 |   0
 7410 |   23 | donation-aim-pl |   1 |   1
 7413 |   23 | donation-aim-pl |   0 |   1
 7413 |   23 | donation-aim-pl |   1 |   1
 7414 |   23 | donation-aim-pl |   0 |   0
 7414 |   23 | donation-aim-pl |   1 |   0
 7415 |   23 | donation-aim-pl |   0 |   0
 7415 |   23 | donation-aim-pl |   1 |   2
 7416 |   23 | donation-aim-pl |   0 |   1
 7416 |   23 | donation-aim-pl |   1 |   2
 7418 |   23 | donation-aim-pl |   0 |   1
 7418 |   23 | donation-aim-pl |   1 |   2
 7420 |   23 | donation-aim-pl |   0 |   0
 7420 |   23 | donation-aim-pl |   1 |   2
 7421 |   23 | donation-aim-pl |   0 |   2
 7421 |   23 | donation-aim-pl |   1 |   1
 7424 |   23 | donation-aim-pl |   0 |   0
 7424 |   23 | donation-aim-pl |   1 |   2
 7425 |   23 | donation-aim-pl |   0 |   2
 7425 |   23 | donation-aim-pl |   1 |   0
 7426 |   23 | donation-aim-pl |   0 |   3
 7427 |   23 | donation-aim-pl |   0 |   1
 7427 |   23 | donation-aim-pl |   1 |   2
 7429 |   23 | donation-aim-pl |   0 |   1
 7429 |   23 | donation-aim-pl |   1 |   0
 7430 |   23 | donation-aim-pl |   0 |   1
 7430 |   23 | donation-aim-pl |   1 |   0
 7433 |   23 | donation-aim-pl |   0 |   3
 7434 |   23 | donation-aim-pl |   0 |   1
 7434 |   23 | donation-aim-pl |   1 |   0
 7435 |   23 | donation-aim-pl |   0 |   0
 7435 |   23 | donation-aim-pl |   1 |   1
 7436 |   23 | donation-aim-pl |   0 |   2
 7436 |   23 | donation-aim-pl |   1 |   0
 7437 |   23 | donation-aim-pl |   0 |   2
 7437 |   23 | donation-aim-pl |   1 |   3
 7438 |   23 | donation-aim-pl |   0 |   1
 7438 |   23 | donation-aim-pl |   1 |   1
 7439 |   23 | donation-aim-pl |   0 |   1
 7439 |   23 | donation-aim-pl |   1 |   2
 7440 |   23 | donation-aim-pl |   0 |   1
 7440 |   23 | donation-aim-pl |   1 |   1
 7441 |   23 | donation-aim-pl |   0 |   1
 7441 |   23 | donation-aim-pl |   1 |   1
 7442 |   23 | donation-aim-pl |   0 |   1
 7442 |   23 | donation-aim-pl |   1 |   2
 7443 |   23 | donation-aim-pl |   0 |   0
 7443 |   23 | donation-aim-pl |   1 |   2
 7444 |   23 | donation-aim-pl |   0 |   2
 7444 |   23 | donation-aim-pl |   1 |   2
 7445 |   23 | donation-aim-pl |   0 |   2
 7445 |   23 | donation-aim-pl |   1 |   1
 7446 |   23 | donation-aim-pl |   0 |   0
 7446 |   23 | donation-aim-pl |   1 |   2
 7447 |   23 | donation-aim-pl |   0 |   1
 7447 |   23 | donation-aim-pl |   1 |   1
 7448 |   23 | donation-aim-pl |   0 |   1
 7448 |   23 | donation-aim-pl |   1 |   3
 7449 |   23 | donation-aim-pl |   0 |   0
 7449 |   23 | donation-aim-pl |   1 |   2
 7450 |   23 | donation-aim-pl |   0 |   3
 7451 |   23 | donation-aim-pl |   0 |   1
 7451 |   23 | donation-aim-pl |   1 |   1
 7452 |   23 | donation-aim-pl |   0 |   0
 7452 |   23 | donation-aim-pl |   1 |   2
 7454 |   23 | donation-aim-pl |   0 |   2
 7454 |   23 | donation-aim-pl |   1 |   1
 7455 |   23 | donation-aim-pl |   0 |   2
 7455 |   23 | donation-aim-pl |   1 |   1
 7458 |   23 | donation-aim-pl |   0 |   1
 7458 |   23 | donation-aim-pl |   1 |   2
 7459 |   23 | donation-aim-pl |   0 |   3
 7460 |   23 | donation-aim-pl |   0 |   1
 7460 |   23 | donation-aim-pl |   1 |   0
 7461 |   23 | donation-aim-pl |   0 |   2
 7461 |   23 | donation-aim-pl |   1 |   1
 7462 |   23 | donation-aim-pl |   0 |   1
 7462 |   23 | donation-aim-pl |   1 |   0
 7464 |   23 | donation-aim-pl |   0 |   1
 7464 |   23 | donation-aim-pl |   1 |   2
 7467 |   23 | donation-aim-pl |   0 |   0
 7467 |   23 | donation-aim-pl |   1 |   0
 7468 |   23 | donation-aim-pl |   0 |   1
 7468 |   23 | donation-aim-pl |   1 |   0
 7469 |   23 | donation-aim-pl |   0 |   1
 7469 |   23 | donation-aim-pl |   1 |   2
 7470 |   23 | donation-aim-pl |   0 |   1
 7470 |   23 | donation-aim-pl |   1 |   2
 7471 |   23 | donation-aim-pl |   0 |   1
 7471 |   23 | donation-aim-pl |   1 |   0
 7472 |   23 | donation-aim-pl |   0 |   2
 7472 |   23 | donation-aim-pl |   1 |   1
 7473 |   23 | donation-aim-pl |   0 |   1
 7473 |   23 | donation-aim-pl |   1 |   0
 7474 |   23 | donation-aim-pl |   0 |   2
 7474 |   23 | donation-aim-pl |   1 |   1
 7475 |   23 | donation-aim-pl |   0 |   2
 7475 |   23 | donation-aim-pl |   1 |   1
 7479 |   23 | donation-aim-pl |   0 |   3
 7480 |   23 | donation-aim-pl |   0 |   2
 7480 |   23 | donation-aim-pl |   1 |   0
 7481 |   23 | donation-aim-pl |   0 |   1
 7481 |   23 | donation-aim-pl |   1 |   1
 7482 |   23 | donation-aim-pl |   0 |   1
 7482 |   23 | donation-aim-pl |   1 |   0
 7486 |   23 | donation-aim-pl |   0 |   1
 7486 |   23 | donation-aim-pl |   1 |   2
 7488 |   23 | donation-aim-pl |   0 |   1
 7488 |   23 | donation-aim-pl |   1 |   1
 7490 |   23 | donation-aim-pl |   0 |   1
 7490 |   23 | donation-aim-pl |   1 |   2
 7492 |   23 | donation-aim-pl |   0 |   0
 7492 |   23 | donation-aim-pl |   1 |   1
 7493 |   23 | donation-aim-pl |   0 |   1
 7493 |   23 | donation-aim-pl |   1 |   1
 7494 |   23 | donation-aim-pl |   0 |   1
 7494 |   23 | donation-aim-pl |   1 |   1
 7496 |   23 | donation-aim-pl |   0 |   0
 7496 |   23 | donation-aim-pl |   1 |   2
 7497 |   23 | donation-aim-pl |   0 |   0
 7497 |   23 | donation-aim-pl |   1 |   2
 7498 |   23 | donation-aim-pl |   0 |   1
 7498 |   23 | donation-aim-pl |   1 |   0
 7499 |   23 | donation-aim-pl |   0 |   0
 7499 |   23 | donation-aim-pl |   1 |   1
 7501 |   23 | donation-aim-pl |   0 |   1
 7501 |   23 | donation-aim-pl |   1 |   2
 7502 |   23 | donation-aim-pl |   0 |   0
 7502 |   23 | donation-aim-pl |   1 |   1
 7503 |   23 | donation-aim-pl |   0 |   1
 7503 |   23 | donation-aim-pl |   1 |   2
 7504 |   23 | donation-aim-pl |   0 |   0
 7504 |   23 | donation-aim-pl |   1 |   2
 7506 |   23 | donation-aim-pl |   0 |   2
 7506 |   23 | donation-aim-pl |   1 |   0
 7507 |   23 | donation-aim-pl |   0 |   1
 7507 |   23 | donation-aim-pl |   1 |   1
 7509 |   23 | donation-aim-pl |   0 |   1
 7509 |   23 | donation-aim-pl |   1 |   0
 7512 |   23 | donation-aim-pl |   0 |   0
 7512 |   23 | donation-aim-pl |   1 |   0
 7513 |   23 | donation-aim-pl |   0 |   1
 7513 |   23 | donation-aim-pl |   1 |   1
 7514 |   23 | donation-aim-pl |   0 |   1
 7514 |   23 | donation-aim-pl |   1 |   0
 7515 |   23 | donation-aim-pl |   0 |   1
 7515 |   23 | donation-aim-pl |   1 |   2
 7516 |   23 | donation-aim-pl |   0 |   3
 7519 |   23 | donation-aim-pl |   0 |   1
 7519 |   23 | donation-aim-pl |   1 |   1
 7520 |   23 | donation-aim-pl |   0 |   1
 7520 |   23 | donation-aim-pl |   1 |   2
 7521 |   23 | donation-aim-pl |   0 |   1
 7521 |   23 | donation-aim-pl |   1 |   2
 7522 |   23 | donation-aim-pl |   0 |   1
 7522 |   23 | donation-aim-pl |   1 |   1
 7523 |   23 | donation-aim-pl |   0 |   1
 7523 |   23 | donation-aim-pl |   1 |   0
 7526 |   23 | donation-aim-pl |   0 |   1
 7526 |   23 | donation-aim-pl |   1 |   1
 7531 |   23 | donation-aim-pl |   0 |   1
 7531 |   23 | donation-aim-pl |   1 |   0
 7532 |   23 | donation-aim-pl |   0 |   0
 7532 |   23 | donation-aim-pl |   1 |   1
 7533 |   23 | donation-aim-pl |   0 |   0
 7533 |   23 | donation-aim-pl |   1 |   2
 7535 |   23 | donation-aim-pl |   0 |   1
 7535 |   23 | donation-aim-pl |   1 |   0
 7539 |   23 | donation-aim-pl |   0 |   0
 7539 |   23 | donation-aim-pl |   1 |   2
 7540 |   23 | donation-aim-pl |   0 |   1
 7540 |   23 | donation-aim-pl |   1 |   1
 7541 |   23 | donation-aim-pl |   0 |   3
 7542 |   23 | donation-aim-pl |   0 |   2
 7542 |   23 | donation-aim-pl |   1 |   0
 7545 |   23 | donation-aim-pl |   0 |   0
 7545 |   23 | donation-aim-pl |   1 |   2
 7546 |   23 | donation-aim-pl |   0 |   0
 7546 |   23 | donation-aim-pl |   1 |   2
 7547 |   23 | donation-aim-pl |   0 |   2
 7547 |   23 | donation-aim-pl |   1 |   3
 7548 |   23 | donation-aim-pl |   0 |   1
 7548 |   23 | donation-aim-pl |   1 |   2
 7549 |   23 | donation-aim-pl |   0 |   2
 7549 |   23 | donation-aim-pl |   1 |   2
 7550 |   23 | donation-aim-pl |   0 |   1
 7550 |   23 | donation-aim-pl |   1 |   2
 7552 |   23 | donation-aim-pl |   0 |   1
 7552 |   23 | donation-aim-pl |   1 |   2
 7553 |   23 | donation-aim-pl |   0 |   0
 7553 |   23 | donation-aim-pl |   1 |   0
 7554 |   23 | donation-aim-pl |   0 |   1
 7554 |   23 | donation-aim-pl |   1 |   2
 7556 |   23 | donation-aim-pl |   0 |   2
 7556 |   23 | donation-aim-pl |   1 |   1
 7559 |   23 | donation-aim-pl |   0 |   1
 7559 |   23 | donation-aim-pl |   1 |   0
 7560 |   23 | donation-aim-pl |   0 |   1
 7560 |   23 | donation-aim-pl |   1 |   2
 7563 |   23 | donation-aim-pl |   0 |   1
 7563 |   23 | donation-aim-pl |   1 |   1
 7567 |   23 | donation-aim-pl |   0 |   2
 7567 |   23 | donation-aim-pl |   1 |   0
 7571 |   23 | donation-aim-pl |   0 |   0
 7571 |   23 | donation-aim-pl |   1 |   0
 7575 |   23 | donation-aim-pl |   0 |   3
 7576 |   23 | donation-aim-pl |   0 |   1
 7576 |   23 | donation-aim-pl |   1 |   2
 7579 |   23 | donation-aim-pl |   0 |   1
 7579 |   23 | donation-aim-pl |   1 |   2
 7580 |   23 | donation-aim-pl |   0 |   0
 7580 |   23 | donation-aim-pl |   1 |   0
 7582 |   23 | donation-aim-pl |   0 |   1
 7582 |   23 | donation-aim-pl |   1 |   0
 7583 |   23 | donation-aim-pl |   0 |   1
 7583 |   23 | donation-aim-pl |   1 |   1
 7584 |   23 | donation-aim-pl |   0 |   1
 7584 |   23 | donation-aim-pl |   1 |   2
 7586 |   23 | donation-aim-pl |   0 |   3
 7587 |   23 | donation-aim-pl |   0 |   2
 7587 |   23 | donation-aim-pl |   1 |   2
 7588 |   23 | donation-aim-pl |   0 |   1
 7588 |   23 | donation-aim-pl |   1 |   2
 7594 |   23 | donation-aim-pl |   0 |   1
 7594 |   23 | donation-aim-pl |   1 |   2
 7595 |   23 | donation-aim-pl |   0 |   2
 7595 |   23 | donation-aim-pl |   1 |   1
 7596 |   23 | donation-aim-pl |   0 |   1
 7596 |   23 | donation-aim-pl |   1 |   0
 7597 |   23 | donation-aim-pl |   0 |   1
 7597 |   23 | donation-aim-pl |   1 |   2
 7598 |   23 | donation-aim-pl |   0 |   1
 7598 |   23 | donation-aim-pl |   1 |   1
 7600 |   23 | donation-aim-pl |   0 |   1
 7600 |   23 | donation-aim-pl |   1 |   1
 7602 |   23 | donation-aim-pl |   0 |   2
 7602 |   23 | donation-aim-pl |   1 |   2
 7604 |   23 | donation-aim-pl |   0 |   0
 7604 |   23 | donation-aim-pl |   1 |   1
 7605 |   23 | donation-aim-pl |   0 |   1
 7605 |   23 | donation-aim-pl |   1 |   2
 7606 |   23 | donation-aim-pl |   0 |   1
 7606 |   23 | donation-aim-pl |   1 |   1
 7607 |   23 | donation-aim-pl |   0 |   2
 7607 |   23 | donation-aim-pl |   1 |   1
 7608 |   23 | donation-aim-pl |   0 |   1
 7608 |   23 | donation-aim-pl |   1 |   2
 7610 |   23 | donation-aim-pl |   0 |   1
 7610 |   23 | donation-aim-pl |   1 |   0
 7611 |   23 | donation-aim-pl |   0 |   0
 7611 |   23 | donation-aim-pl |   1 |   0
 7612 |   23 | donation-aim-pl |   0 |   1
 7612 |   23 | donation-aim-pl |   1 |   2
 7613 |   23 | donation-aim-pl |   0 |   1
 7613 |   23 | donation-aim-pl |   1 |   2
 7614 |   23 | donation-aim-pl |   0 |   1
 7614 |   23 | donation-aim-pl |   1 |   1
 7616 |   23 | donation-aim-pl |   0 |   0
 7616 |   23 | donation-aim-pl |   1 |   2
 7617 |   23 | donation-aim-pl |   0 |   1
 7617 |   23 | donation-aim-pl |   1 |   1
 7623 |   23 | donation-aim-pl |   0 |   1
 7623 |   23 | donation-aim-pl |   1 |   1
 7624 |   23 | donation-aim-pl |   0 |   2
 7624 |   23 | donation-aim-pl |   1 |   2
 7625 |   23 | donation-aim-pl |   0 |   1
 7625 |   23 | donation-aim-pl |   1 |   2
 7627 |   23 | donation-aim-pl |   0 |   3
 7631 |   23 | donation-aim-pl |   0 |   0
 7631 |   23 | donation-aim-pl |   1 |   2
 7638 |   23 | donation-aim-pl |   0 |   1
 7638 |   23 | donation-aim-pl |   1 |   1
 7639 |   23 | donation-aim-pl |   0 |   1
 7639 |   23 | donation-aim-pl |   1 |   0
 7640 |   23 | donation-aim-pl |   0 |   1
 7640 |   23 | donation-aim-pl |   1 |   1
 7643 |   23 | donation-aim-pl |   0 |   1
 7643 |   23 | donation-aim-pl |   1 |   0
 7647 |   23 | donation-aim-pl |   0 |   0
 7647 |   23 | donation-aim-pl |   1 |   1
 7651 |   23 | donation-aim-pl |   0 |   1
 7651 |   23 | donation-aim-pl |   1 |   1
 7654 |   23 | donation-aim-pl |   0 |   1
 7654 |   23 | donation-aim-pl |   1 |   1
 7655 |   23 | donation-aim-pl |   0 |   1
 7655 |   23 | donation-aim-pl |   1 |   0
 7659 |   23 | donation-aim-pl |   0 |   2
 7659 |   23 | donation-aim-pl |   1 |   3
 7660 |   23 | donation-aim-pl |   0 |   1
 7660 |   23 | donation-aim-pl |   1 |   3
 7666 |   23 | donation-aim-pl |   0 |   1
 7666 |   23 | donation-aim-pl |   1 |   0
 7670 |   23 | donation-aim-pl |   0 |   1
 7670 |   23 | donation-aim-pl |   1 |   0
 7671 |   23 | donation-aim-pl |   0 |   1
 7671 |   23 | donation-aim-pl |   1 |   2
 7674 |   23 | donation-aim-pl |   0 |   1
 7674 |   23 | donation-aim-pl |   1 |   1
 7678 |   23 | donation-aim-pl |   0 |   0
 7678 |   23 | donation-aim-pl |   1 |   2
 7679 |   23 | donation-aim-pl |   0 |   1
 7679 |   23 | donation-aim-pl |   1 |   1
 7680 |   23 | donation-aim-pl |   0 |   2
 7680 |   23 | donation-aim-pl |   1 |   2
 7682 |   23 | donation-aim-pl |   0 |   0
 7682 |   23 | donation-aim-pl |   1 |   2
 7687 |   23 | donation-aim-pl |   0 |   1
 7687 |   23 | donation-aim-pl |   1 |   2
 7688 |   23 | donation-aim-pl |   0 |   3
 7695 |   23 | donation-aim-pl |   0 |   1
 7695 |   23 | donation-aim-pl |   1 |   2
 7700 |   23 | donation-aim-pl |   0 |   1
 7700 |   23 | donation-aim-pl |   1 |   1
 7701 |   23 | donation-aim-pl |   0 |   1
 7701 |   23 | donation-aim-pl |   1 |   1
 7703 |   23 | donation-aim-pl |   0 |   1
 7703 |   23 | donation-aim-pl |   1 |   2
 7715 |   23 | donation-aim-pl |   0 |   3
 7717 |   23 | donation-aim-pl |   0 |   2
 7717 |   23 | donation-aim-pl |   1 |   1
 7718 |   23 | donation-aim-pl |   0 |   2
 7718 |   23 | donation-aim-pl |   1 |   3
 7726 |   23 | donation-aim-pl |   0 |   1
 7726 |   23 | donation-aim-pl |   1 |   2
 7727 |   23 | donation-aim-pl |   0 |   2
 7727 |   23 | donation-aim-pl |   1 |   1
 7733 |   23 | donation-aim-pl |   0 |   2
 7733 |   23 | donation-aim-pl |   1 |   1
 7740 |   23 | donation-aim-pl |   0 |   0
 7740 |   23 | donation-aim-pl |   1 |   2
 7741 |   23 | donation-aim-pl |   0 |   1
 7741 |   23 | donation-aim-pl |   1 |   2
 7744 |   23 | donation-aim-pl |   0 |   3
 7755 |   23 | donation-aim-pl |   0 |   2
 7755 |   23 | donation-aim-pl |   1 |   1
 7764 |   23 | donation-aim-pl |   0 |   1
 7764 |   23 | donation-aim-pl |   1 |   2
 7765 |   23 | donation-aim-pl |   0 |   1
 7765 |   23 | donation-aim-pl |   1 |   0
 7768 |   23 | donation-aim-pl |   0 |   1
 7768 |   23 | donation-aim-pl |   1 |   1
 7772 |   23 | donation-aim-pl |   0 |   1
 7772 |   23 | donation-aim-pl |   1 |   2
 7782 |   23 | donation-aim-pl |   0 |   1
 7782 |   23 | donation-aim-pl |   1 |   1
 7787 |   23 | donation-aim-pl |   0 |   2
 7787 |   23 | donation-aim-pl |   1 |   2
 7788 |   23 | donation-aim-pl |   0 |   1
 7788 |   23 | donation-aim-pl |   1 |   2
 7791 |   23 | donation-aim-pl |   0 |   1
 7791 |   23 | donation-aim-pl |   1 |   2
 7795 |   23 | donation-aim-pl |   0 |   0
 7795 |   23 | donation-aim-pl |   1 |   1
 7798 |   23 | donation-aim-pl |   0 |   2
 7798 |   23 | donation-aim-pl |   1 |   0
 7810 |   23 | donation-aim-pl |   0 |   1
 7810 |   23 | donation-aim-pl |   1 |   2
 7813 |   23 | donation-aim-pl |   0 |   1
 7813 |   23 | donation-aim-pl |   1 |   2
 7816 |   23 | donation-aim-pl |   0 |   2
 7816 |   23 | donation-aim-pl |   1 |   0
 7819 |   23 | donation-aim-pl |   0 |   1
 7819 |   23 | donation-aim-pl |   1 |   0
 7824 |   23 | donation-aim-pl |   0 |   0
 7824 |   23 | donation-aim-pl |   1 |   1
 7842 |   23 | donation-aim-pl |   0 |   2
 7842 |   23 | donation-aim-pl |   1 |   0
 7849 |   23 | donation-aim-pl |   0 |   2
 7849 |   23 | donation-aim-pl |   1 |   3
 7850 |   23 | donation-aim-pl |   0 |   2
 7850 |   23 | donation-aim-pl |   1 |   0
 7851 |   23 | donation-aim-pl |   0 |   1
 7851 |   23 | donation-aim-pl |   1 |   3
 7860 |   23 | donation-aim-pl |   0 |   0
 7860 |   23 | donation-aim-pl |   1 |   0
 7861 |   23 | donation-aim-pl |   0 |   3
 7877 |   23 | donation-aim-pl |   0 |   1
 7877 |   23 | donation-aim-pl |   1 |   2
 7880 |   23 | donation-aim-pl |   0 |   1
 7880 |   23 | donation-aim-pl |   1 |   1
 7891 |   23 | donation-aim-pl |   0 |   1
 7891 |   23 | donation-aim-pl |   1 |   0
 7893 |   23 | donation-aim-pl |   0 |   1
 7893 |   23 | donation-aim-pl |   1 |   2
 7897 |   23 | donation-aim-pl |   0 |   3
 7903 |   23 | donation-aim-pl |   0 |   1
 7903 |   23 | donation-aim-pl |   1 |   2
 7908 |   23 | donation-aim-pl |   0 |   2
 7908 |   23 | donation-aim-pl |   1 |   1
 7910 |   23 | donation-aim-pl |   0 |   1
 7910 |   23 | donation-aim-pl |   1 |   2
 7914 |   23 | donation-aim-pl |   0 |   3
 7918 |   23 | donation-aim-pl |   0 |   3
 7919 |   23 | donation-aim-pl |   0 |   2
 7919 |   23 | donation-aim-pl |   1 |   0
 7922 |   23 | donation-aim-pl |   0 |   1
 7922 |   23 | donation-aim-pl |   1 |   1
 7926 |   23 | donation-aim-pl |   0 |   2
 7926 |   23 | donation-aim-pl |   1 |   2
 7931 |   23 | donation-aim-pl |   0 |   0
 7931 |   23 | donation-aim-pl |   1 |   1
 7933 |   23 | donation-aim-pl |   0 |   1
 7933 |   23 | donation-aim-pl |   1 |   2
 7936 |   23 | donation-aim-pl |   0 |   1
 7936 |   23 | donation-aim-pl |   1 |   2
 7939 |   23 | donation-aim-pl |   0 |   1
 7939 |   23 | donation-aim-pl |   1 |   2
 7944 |   23 | donation-aim-pl |   0 |   1
 7944 |   23 | donation-aim-pl |   1 |   0
 7946 |   23 | donation-aim-pl |   0 |   1
 7946 |   23 | donation-aim-pl |   1 |   2
 7950 |   23 | donation-aim-pl |   0 |   1
 7950 |   23 | donation-aim-pl |   1 |   1
 7952 |   23 | donation-aim-pl |   0 |   2
 7952 |   23 | donation-aim-pl |   1 |   1
 7953 |   23 | donation-aim-pl |   0 |   2
 7953 |   23 | donation-aim-pl |   1 |   2
 7954 |   23 | donation-aim-pl |   0 |   1
 7954 |   23 | donation-aim-pl |   1 |   2
 7958 |   23 | donation-aim-pl |   0 |   1
 7958 |   23 | donation-aim-pl |   1 |   2
 7960 |   23 | donation-aim-pl |   0 |   1
 7960 |   23 | donation-aim-pl |   1 |   1
 7964 |   23 | donation-aim-pl |   0 |   1
 7964 |   23 | donation-aim-pl |   1 |   0
 7966 |   23 | donation-aim-pl |   0 |   1
 7966 |   23 | donation-aim-pl |   1 |   2
 7967 |   23 | donation-aim-pl |   0 |   2
 7967 |   23 | donation-aim-pl |   1 |   3
 7969 |   23 | donation-aim-pl |   0 |   3
 7974 |   23 | donation-aim-pl |   0 |   1
 7974 |   23 | donation-aim-pl |   1 |   0
 7987 |   23 | donation-aim-pl |   0 |   2
 7987 |   23 | donation-aim-pl |   1 |   1
 8000 |   23 | donation-aim-pl |   0 |   0
 8000 |   23 | donation-aim-pl |   1 |   0
 8001 |   23 | donation-aim-pl |   0 |   1
 8001 |   23 | donation-aim-pl |   1 |   2
 8002 |   23 | donation-aim-pl |   0 |   1
 8002 |   23 | donation-aim-pl |   1 |   2
 8007 |   23 | donation-aim-pl |   0 |   3
 8009 |   23 | donation-aim-pl |   0 |   1
 8009 |   23 | donation-aim-pl |   1 |   2
 8011 |   23 | donation-aim-pl |   0 |   1
 8011 |   23 | donation-aim-pl |   1 |   0
 8012 |   23 | donation-aim-pl |   0 |   2
 8012 |   23 | donation-aim-pl |   1 |   1
 8014 |   23 | donation-aim-pl |   0 |   1
 8014 |   23 | donation-aim-pl |   1 |   1
 8027 |   23 | donation-aim-pl |   0 |   1
 8027 |   23 | donation-aim-pl |   1 |   0
 8028 |   23 | donation-aim-pl |   0 |   3
 8029 |   23 | donation-aim-pl |   0 |   0
 8029 |   23 | donation-aim-pl |   1 |   2
 8030 |   23 | donation-aim-pl |   0 |   2
 8030 |   23 | donation-aim-pl |   1 |   1
 8033 |   23 | donation-aim-pl |   0 |   1
 8033 |   23 | donation-aim-pl |   1 |   2
 8034 |   23 | donation-aim-pl |   0 |   1
 8034 |   23 | donation-aim-pl |   1 |   0
 8035 |   23 | donation-aim-pl |   0 |   0
 8035 |   23 | donation-aim-pl |   1 |   1
 8038 |   23 | donation-aim-pl |   0 |   1
 8038 |   23 | donation-aim-pl |   1 |   2
 8039 |   23 | donation-aim-pl |   0 |   1
 8039 |   23 | donation-aim-pl |   1 |   0
 8040 |   23 | donation-aim-pl |   0 |   1
 8040 |   23 | donation-aim-pl |   1 |   2
 8047 |   23 | donation-aim-pl |   0 |   2
 8047 |   23 | donation-aim-pl |   1 |   1
 8048 |   23 | donation-aim-pl |   0 |   2
 8048 |   23 | donation-aim-pl |   1 |   3
 8051 |   23 | donation-aim-pl |   0 |   1
 8051 |   23 | donation-aim-pl |   1 |   2
 8053 |   23 | donation-aim-pl |   0 |   2
 8053 |   23 | donation-aim-pl |   1 |   3
 8056 |   23 | donation-aim-pl |   0 |   1
 8056 |   23 | donation-aim-pl |   1 |   2
 8057 |   23 | donation-aim-pl |   0 |   0
 8057 |   23 | donation-aim-pl |   1 |   2
 8059 |   23 | donation-aim-pl |   0 |   1
 8059 |   23 | donation-aim-pl |   1 |   2
 8062 |   23 | donation-aim-pl |   0 |   0
 8062 |   23 | donation-aim-pl |   1 |   0
 8064 |   23 | donation-aim-pl |   0 |   1
 8064 |   23 | donation-aim-pl |   1 |   0
 8068 |   23 | donation-aim-pl |   0 |   3
 8070 |   23 | donation-aim-pl |   0 |   1
 8070 |   23 | donation-aim-pl |   1 |   2
 8072 |   23 | donation-aim-pl |   0 |   1
 8072 |   23 | donation-aim-pl |   1 |   2
 8074 |   23 | donation-aim-pl |   0 |   3
 8075 |   23 | donation-aim-pl |   0 |   2
 8075 |   23 | donation-aim-pl |   1 |   2
 8077 |   23 | donation-aim-pl |   0 |   3
 8079 |   23 | donation-aim-pl |   0 |   1
 8079 |   23 | donation-aim-pl |   1 |   1
 8083 |   23 | donation-aim-pl |   0 |   3
 8084 |   23 | donation-aim-pl |   0 |   2
 8084 |   23 | donation-aim-pl |   1 |   3
 8086 |   23 | donation-aim-pl |   0 |   1
 8086 |   23 | donation-aim-pl |   1 |   1
 8089 |   23 | donation-aim-pl |   0 |   2
 8089 |   23 | donation-aim-pl |   1 |   2
 8094 |   23 | donation-aim-pl |   0 |   2
 8094 |   23 | donation-aim-pl |   1 |   3
 8097 |   23 | donation-aim-pl |   0 |   2
 8097 |   23 | donation-aim-pl |   1 |   1
 8106 |   23 | donation-aim-pl |   0 |   3
 8114 |   23 | donation-aim-pl |   0 |   1
 8114 |   23 | donation-aim-pl |   1 |   1
 8118 |   23 | donation-aim-pl |   0 |   1
 8118 |   23 | donation-aim-pl |   1 |   1
 8147 |   23 | donation-aim-pl |   0 |   1
 8147 |   23 | donation-aim-pl |   1 |   1
 8162 |   23 | donation-aim-pl |   0 |   0
 8162 |   23 | donation-aim-pl |   1 |   0
 8164 |   23 | donation-aim-pl |   0 |   1
 8164 |   23 | donation-aim-pl |   1 |   1
 8181 |   23 | donation-aim-pl |   0 |   1
 8181 |   23 | donation-aim-pl |   1 |   1
 8182 |   23 | donation-aim-pl |   0 |   1
 8182 |   23 | donation-aim-pl |   1 |   1
 8197 |   23 | donation-aim-pl |   0 |   1
 8197 |   23 | donation-aim-pl |   1 |   2
 8227 |   23 | donation-aim-pl |   0 |   1
 8227 |   23 | donation-aim-pl |   1 |   1
 8228 |   23 | donation-aim-pl |   0 |   1
 8228 |   23 | donation-aim-pl |   1 |   1
 8230 |   23 | donation-aim-pl |   0 |   2
 8230 |   23 | donation-aim-pl |   1 |   3
 8233 |   23 | donation-aim-pl |   0 |   1
 8233 |   23 | donation-aim-pl |   1 |   2
 8234 |   23 | donation-aim-pl |   0 |   1
 8234 |   23 | donation-aim-pl |   1 |   2
 8235 |   23 | donation-aim-pl |   0 |   1
 8235 |   23 | donation-aim-pl |   1 |   2
 8239 |   23 | donation-aim-pl |   0 |   2
 8239 |   23 | donation-aim-pl |   1 |   3
 8240 |   23 | donation-aim-pl |   0 |   0
 8240 |   23 | donation-aim-pl |   1 |   0
 8242 |   23 | donation-aim-pl |   0 |   1
 8242 |   23 | donation-aim-pl |   1 |   1
 8249 |   23 | donation-aim-pl |   0 |   1
 8249 |   23 | donation-aim-pl |   1 |   0
 8265 |   23 | donation-aim-pl |   0 |   2
 8265 |   23 | donation-aim-pl |   1 |   1
 8286 |   23 | donation-aim-pl |   0 |   2
 8286 |   23 | donation-aim-pl |   1 |   3
 8290 |   23 | donation-aim-pl |   0 |   1
 8290 |   23 | donation-aim-pl |   1 |   1
 8314 |   23 | donation-aim-pl |   0 |   1
 8314 |   23 | donation-aim-pl |   1 |   0
 8316 |   23 | donation-aim-pl |   0 |   3
 8340 |   23 | donation-aim-pl |   0 |   1
 8340 |   23 | donation-aim-pl |   1 |   1
 8343 |   23 | donation-aim-pl |   0 |   2
 8343 |   23 | donation-aim-pl |   1 |   3
 8355 |   23 | donation-aim-pl |   0 |   1
 8355 |   23 | donation-aim-pl |   1 |   2
 8371 |   23 | donation-aim-pl |   0 |   1
 8371 |   23 | donation-aim-pl |   1 |   2
 8386 |   23 | donation-aim-pl |   0 |   2
 8386 |   23 | donation-aim-pl |   1 |   3
 8387 |   23 | donation-aim-pl |   0 |   0
 8387 |   23 | donation-aim-pl |   1 |   1
 8390 |   23 | donation-aim-pl |   0 |   3
 8391 |   23 | donation-aim-pl |   0 |   0
 8391 |   23 | donation-aim-pl |   1 |   1
 8402 |   23 | donation-aim-pl |   0 |   3
 8415 |   23 | donation-aim-pl |   0 |   0
 8415 |   23 | donation-aim-pl |   1 |   0
 8428 |   23 | donation-aim-pl |   0 |   0
 8428 |   23 | donation-aim-pl |   1 |   1
 8433 |   23 | donation-aim-pl |   0 |   2
 8433 |   23 | donation-aim-pl |   1 |   0
 8461 |   23 | donation-aim-pl |   0 |   2
 8461 |   23 | donation-aim-pl |   1 |   3
 8466 |   23 | donation-aim-pl |   0 |   1
 8466 |   23 | donation-aim-pl |   1 |   1
 8467 |   23 | donation-aim-pl |   0 |   3
 8487 |   23 | donation-aim-pl |   0 |   1
 8487 |   23 | donation-aim-pl |   1 |   2
 8497 |   23 | donation-aim-pl |   0 |   1
 8497 |   23 | donation-aim-pl |   1 |   2
 8502 |   23 | donation-aim-pl |   0 |   2
 8502 |   23 | donation-aim-pl |   1 |   0
 8509 |   23 | donation-aim-pl |   0 |   1
 8509 |   23 | donation-aim-pl |   1 |   2
 8511 |   23 | donation-aim-pl |   0 |   1
 8511 |   23 | donation-aim-pl |   1 |   2
 8515 |   23 | donation-aim-pl |   0 |   2
 8515 |   23 | donation-aim-pl |   1 |   2
 8526 |   23 | donation-aim-pl |   0 |   2
 8526 |   23 | donation-aim-pl |   1 |   1
 8537 |   23 | donation-aim-pl |   0 |   1
 8537 |   23 | donation-aim-pl |   1 |   1
 8544 |   23 | donation-aim-pl |   0 |   2
 8544 |   23 | donation-aim-pl |   1 |   1
 8548 |   23 | donation-aim-pl |   0 |   1
 8548 |   23 | donation-aim-pl |   1 |   1
 8553 |   23 | donation-aim-pl |   0 |   1
 8553 |   23 | donation-aim-pl |   1 |   0
 8555 |   23 | donation-aim-pl |   0 |   2
 8555 |   23 | donation-aim-pl |   1 |   0
 8581 |   23 | donation-aim-pl |   0 |   2
 8581 |   23 | donation-aim-pl |   1 |   3
 8585 |   23 | donation-aim-pl |   0 |   1
 8585 |   23 | donation-aim-pl |   1 |   2
 8591 |   23 | donation-aim-pl |   0 |   2
 8591 |   23 | donation-aim-pl |   1 |   1
 8601 |   23 | donation-aim-pl |   0 |   1
 8601 |   23 | donation-aim-pl |   1 |   2
 8631 |   23 | donation-aim-pl |   0 |   2
 8631 |   23 | donation-aim-pl |   1 |   0
 8642 |   23 | donation-aim-pl |   0 |   3
 8649 |   23 | donation-aim-pl |   0 |   1
 8649 |   23 | donation-aim-pl |   1 |   1
 8650 |   23 | donation-aim-pl |   0 |   1
 8650 |   23 | donation-aim-pl |   1 |   1
 8655 |   23 | donation-aim-pl |   0 |   0
 8655 |   23 | donation-aim-pl |   1 |   1
 8676 |   23 | donation-aim-pl |   0 |   1
 8676 |   23 | donation-aim-pl |   1 |   2
 8691 |   23 | donation-aim-pl |   0 |   2
 8691 |   23 | donation-aim-pl |   1 |   1
 8704 |   23 | donation-aim-pl |   0 |   0
 8704 |   23 | donation-aim-pl |   1 |   0
 8706 |   23 | donation-aim-pl |   0 |   1
 8706 |   23 | donation-aim-pl |   1 |   0
 8722 |   23 | donation-aim-pl |   0 |   2
 8722 |   23 | donation-aim-pl |   1 |   1
 8741 |   23 | donation-aim-pl |   0 |   1
 8741 |   23 | donation-aim-pl |   1 |   1
 8759 |   23 | donation-aim-pl |   0 |   1
 8759 |   23 | donation-aim-pl |   1 |   0
 8762 |   23 | donation-aim-pl |   0 |   3
 8764 |   23 | donation-aim-pl |   0 |   1
 8764 |   23 | donation-aim-pl |   1 |   1
 8765 |   23 | donation-aim-pl |   0 |   2
 8765 |   23 | donation-aim-pl |   1 |   3
 8773 |   23 | donation-aim-pl |   0 |   1
 8773 |   23 | donation-aim-pl |   1 |   0
 8783 |   23 | donation-aim-pl |   0 |   1
 8783 |   23 | donation-aim-pl |   1 |   1
 8792 |   23 | donation-aim-pl |   0 |   3
 8798 |   23 | donation-aim-pl |   0 |   1
 8798 |   23 | donation-aim-pl |   1 |   2
 8805 |   23 | donation-aim-pl |   0 |   2
 8805 |   23 | donation-aim-pl |   1 |   3
 8808 |   23 | donation-aim-pl |   0 |   1
 8808 |   23 | donation-aim-pl |   1 |   3
 8819 |   23 | donation-aim-pl |   0 |   3
 8853 |   23 | donation-aim-pl |   0 |   0
 8853 |   23 | donation-aim-pl |   1 |   1
 8861 |   23 | donation-aim-pl |   0 |   2
 8861 |   23 | donation-aim-pl |   1 |   1
 8884 |   23 | donation-aim-pl |   0 |   3
 8891 |   23 | donation-aim-pl |   0 |   2
 8891 |   23 | donation-aim-pl |   1 |   3
 8906 |   23 | donation-aim-pl |   0 |   2
 8906 |   23 | donation-aim-pl |   1 |   0
 8908 |   23 | donation-aim-pl |   0 |   1
 8908 |   23 | donation-aim-pl |   1 |   1
 8912 |   23 | donation-aim-pl |   0 |   2
 8912 |   23 | donation-aim-pl |   1 |   2
 8928 |   23 | donation-aim-pl |   0 |   1
 8928 |   23 | donation-aim-pl |   1 |   1
 8939 |   23 | donation-aim-pl |   0 |   0
 8939 |   23 | donation-aim-pl |   1 |   0
 8952 |   23 | donation-aim-pl |   0 |   2
 8952 |   23 | donation-aim-pl |   1 |   2
 8961 |   23 | donation-aim-pl |   0 |   1
 8961 |   23 | donation-aim-pl |   1 |   0
 8969 |   23 | donation-aim-pl |   0 |   1
 8969 |   23 | donation-aim-pl |   1 |   2
 8977 |   23 | donation-aim-pl |   0 |   1
 8977 |   23 | donation-aim-pl |   1 |   2
 8980 |   23 | donation-aim-pl |   0 |   2
 8980 |   23 | donation-aim-pl |   1 |   1
 8987 |   23 | donation-aim-pl |   0 |   2
 8987 |   23 | donation-aim-pl |   1 |   1
 9004 |   23 | donation-aim-pl |   0 |   0
 9004 |   23 | donation-aim-pl |   1 |   2
 9013 |   23 | donation-aim-pl |   0 |   1
 9013 |   23 | donation-aim-pl |   1 |   3
 9016 |   23 | donation-aim-pl |   0 |   2
 9016 |   23 | donation-aim-pl |   1 |   1
 9025 |   23 | donation-aim-pl |   0 |   3
 9044 |   23 | donation-aim-pl |   0 |   3
 9049 |   23 | donation-aim-pl |   0 |   1
 9049 |   23 | donation-aim-pl |   1 |   1
 9067 |   23 | donation-aim-pl |   0 |   1
 9067 |   23 | donation-aim-pl |   1 |   1
 9078 |   23 | donation-aim-pl |   0 |   3
 9082 |   23 | donation-aim-pl |   0 |   2
 9082 |   23 | donation-aim-pl |   1 |   3
 9088 |   23 | donation-aim-pl |   0 |   1
 9088 |   23 | donation-aim-pl |   1 |   0
 9095 |   23 | donation-aim-pl |   0 |   3
 9098 |   23 | donation-aim-pl |   0 |   1
 9098 |   23 | donation-aim-pl |   1 |   2
 9111 |   23 | donation-aim-pl |   0 |   3
 9126 |   23 | donation-aim-pl |   0 |   2
 9126 |   23 | donation-aim-pl |   1 |   0
 9131 |   23 | donation-aim-pl |   0 |   2
 9131 |   23 | donation-aim-pl |   1 |   3
 9139 |   23 | donation-aim-pl |   0 |   2
 9139 |   23 | donation-aim-pl |   1 |   0
 9154 |   23 | donation-aim-pl |   0 |   1
 9154 |   23 | donation-aim-pl |   1 |   1
 9165 |   23 | donation-aim-pl |   0 |   1
 9165 |   23 | donation-aim-pl |   1 |   1
 9185 |   23 | donation-aim-pl |   0 |   1
 9185 |   23 | donation-aim-pl |   1 |   2
 9195 |   23 | donation-aim-pl |   0 |   0
 9195 |   23 | donation-aim-pl |   1 |   2
 9201 |   23 | donation-aim-pl |   0 |   3
 9204 |   23 | donation-aim-pl |   0 |   1
 9204 |   23 | donation-aim-pl |   1 |   1
 9205 |   23 | donation-aim-pl |   0 |   1
 9205 |   23 | donation-aim-pl |   1 |   1
 9221 |   23 | donation-aim-pl |   0 |   1
 9221 |   23 | donation-aim-pl |   1 |   2
 9238 |   23 | donation-aim-pl |   0 |   1
 9238 |   23 | donation-aim-pl |   1 |   2
 9242 |   23 | donation-aim-pl |   0 |   1
 9242 |   23 | donation-aim-pl |   1 |   2
 9251 |   23 | donation-aim-pl |   0 |   2
 9251 |   23 | donation-aim-pl |   1 |   1

